Date,Location,Administered_Cumulative,Administered_Dose1_Pop_Pct,Administered_daily_change_report,Administered_daily_change_report_7dayroll,Series_Complete_Daily,Series_Complete_Cumulative,Series_Complete_Day_Rolling_Average,Series_Complete_Pop_Pct,Booster_Daily,Booster_Cumulative,Booster_7_Day_Rolling_Average,Additional_Doses_Vax_Pct,Second_Booster_50Plus_Daily,Second_Booster_50Plus_Cumulative,Second_Booster_50Plus_7_Day_Rolling_Average,Second_Booster_50Plus_Vax_Pct,Bivalent_Booster_Daily,Bivalent_Booster_Cumulative,Bivalent_Booster_7_Day_Rolling_Average,Bivalent_Booster_Pop_Pct
5/10/23,US,676728782,81.4,,,54649,230637348,,69.5,74451,118438297,,51.4,68205,36744717,,53,390908,56478510,,17
5/3/23,US,676006980,81.4,,,49503,230582699,,69.5,66774,118363846,,51.3,60269,36676512,,53,343973,56087602,,16.9
4/26/23,US,675442636,81.3,,,48188,230533196,,69.4,62801,118297072,,51.3,48055,36616243,,52.9,244617,55743629,,16.8
4/19/23,US,675024615,81.3,,,17366,230485008,,69.4,224891,118234271,,51.3,102521,36568188,,52.9,-78273,55499012,,16.7
4/12/23,US,674711945,81.4,,,49010,230467642,,69.4,57212,118009380,,51.2,41098,36465667,,52.8,218799,55577285,,16.7
4/5/23,US,674375206,81.3,,,49817,230418632,,69.4,66323,117952168,,51.2,49783,36424569,,52.8,494454,55358486,,16.7
3/29/23,US,674024493,81.3,,,85759,230368815,,69.4,86854,117885845,,51.2,65298,36374786,,52.7,284989,54864032,,16.5
3/22/23,US,673465377,81.3,,,71113,230283056,,69.4,87514,117798991,,51.2,63297,36309488,,52.6,283876,54579043,,16.4
3/15/23,US,673012265,81.2,,,69828,230211943,,69.3,89715,117711477,,51.1,74832,36246191,,52.6,314404,54295167,,16.4
3/8/23,US,672537312,81.2,,,66181,230142115,,69.3,81238,117621762,,51.1,72718,36171359,,52.5,316861,53980763,,16.3
3/1/23,US,672076105,81.2,,,79638,230075934,,69.3,98781,117540524,,51.1,77203,36098641,,52.4,313244,53663902,,16.2
2/22/23,US,671582379,81.2,,,81499,229996296,,69.3,103798,117441743,,51.1,93831,36021438,,52.3,385367,53350658,,16.1
2/15/23,US,670987625,81.1,,,94473,229914797,,69.2,124803,117337945,,51,121700,35927607,,52.2,465571,52965291,,16
2/8/23,US,670306507,81.1,,,101209,229820324,,69.2,121419,117213142,,51,122304,35805907,,52.1,494867,52499720,,15.8
2/1/23,US,669600840,81,,,99360,229719115,,69.2,141357,117091723,,51,145390,35683603,,51.9,567456,52004853,,15.7
1/25/23,US,668814259,81,,,111312,229619755,,69.2,166427,116950366,,50.9,207040,35538213,,51.7,786431,51437397,,15.5
1/18/23,US,667815331,81,,,149381,229508443,,69.1,201274,116783939,,50.9,274664,35331173,,51.5,1072435,50650966,,15.3
1/11/23,US,666511603,80.9,,,104439,229359062,,69.1,317983,116582665,,50.8,365593,35056509,,51.2,1348689,49578531,,14.9
1/5/23,US,665076272,80.9,,,119453,229254623,,69.1,199209,116264682,,50.7,265497,34690916,,50.7,1083487,48229842,,15.4
12/28/22,US,663822575,80.8,,,145424,229135170,,69,253783,116065473,,50.7,354170,34425419,,50.4,1470513,47146355,,15.1
12/21/22,US,662148570,80.8,,,157751,228989746,,69,251421,115811690,,50.6,421075,34071249,,49.9,1521548,45675842,,14.6
12/14/22,US,660400812,80.7,,,227237,228831995,,68.9,380636,115560269,,50.5,597505,33650174,,49.4,2137006,44154294,,14.1
12/7/22,US,657927289,80.6,,,235298,228604758,,68.9,392650,115179633,,50.4,631644,33052669,,48.7,2297845,42017288,,13.5
11/30/22,US,655280140,80.5,,,-20985,228369460,,68.8,555970,114786983,,50.3,603843,32421025,,47.9,2084411,39719443,,12.7
11/23/22,US,653502647,80.7,,,235613,228390445,,68.8,379686,114231013,,50,639172,31817182,,47.1,2362158,37635032,,12.1
11/16/22,US,650810290,80.6,,,352424,228154832,,68.7,578710,113851327,,49.9,984155,31178010,,46.3,3855826,35272874,,11.3
11/9/22,US,646524294,80.4,,,424655,227802408,,68.6,793789,113272617,,49.7,1363739,30193855,,45,5126924,31417048,,10.1
11/2/22,US,640913400,80.2,,,443926,227377753,,68.5,629989,112478828,,49.5,1055013,28830116,,43.2,3469506,26290124,,8.4
10/26/22,US,636871557,80.1,,,339267,226933827,,68.4,480996,111848839,,49.3,978265,27775103,,41.9,3502250,22820618,,7.3
10/19/22,US,632905664,80,,,393805,226594560,,68.2,532068,111367843,,49.1,1173355,26796838,,40.6,4558598,19318368,,6.2
10/12/22,US,627854963,79.9,,,330142,226200755,,68.1,274801,110835775,,49,793057,25623483,,39,14759770,14759770,,5.2
10/5/22,US,624198981,79.7,,,586498,225870613,,68,590442,110560974,,48.9,961178,24830426,,37.9,0,0,,0
9/28/22,US,619765972,79.5,,,303184,225284115,,67.9,392262,109970532,,48.8,751147,23869248,,36.6,0,0,,0
9/21/22,US,616172308,79.5,,,344073,224980931,,67.8,376694,109578270,,48.7,622659,23118101,,35.5,0,0,,0
9/14/22,US,612781120,79.3,,,269167,224636858,,67.7,247888,109201576,,48.6,318732,22495442,,34.7,0,0,,0
9/7/22,US,610686563,79.2,,,254252,224367691,,67.6,146714,108953688,,48.6,152129,22176710,,34.3,0,0,,0
8/31/22,US,610012616,79.2,,,198716,224113439,,67.5,266152,108806974,,48.5,252379,22024581,,34,0,0,,0
8/24/22,US,608937334,79.1,,,229728,223914723,,67.4,323189,108540822,,48.5,341099,21772202,,33.7,0,0,,0
8/17/22,US,607588353,79,,,227825,223684995,,67.4,344895,108217633,,48.4,366446,21431103,,33.2,0,0,,0
8/10/22,US,606162842,78.9,,,421604,223457170,,67.3,382363,107872738,,48.3,495742,21064657,,32.7,0,0,,0
8/3/22,US,604235972,78.8,,,-209997,223035566,,67.2,-433823,107490375,,48.2,633002,20568915,,32,0,0,,0
7/27/22,US,603693871,78.8,,,295369,223245563,,67.2,455472,107924198,,48.3,841047,19935913,,30.9,0,0,,0
7/20/22,US,601497801,78.7,,,267879,222950194,,67.2,464665,107468726,,48.2,848303,19094866,,29.7,0,0,,0
7/13/22,US,599289113,78.5,,,226663,222682315,,67.1,388834,107004061,,48.1,534240,18246563,,28.5,0,0,,0
7/6/22,US,597655035,78.4,0,,184254,222455652,,67,339336,106615227,,47.9,456782,17712323,,27.7,0,0,,0
6/29/22,US,596233489,78.3,0,,148175,222271398,,66.9,1182300,106275891,,47.8,663318,17255541,,27,0,0,,0
6/22/22,US,593739529,78.1,0,,199071,222123223,,66.9,375453,105093591,,47.3,569311,16592223,,26.1,0,0,,0
6/16/22,US,592269252,78.1,0,313249,40820,221924152,46151,66.8,71921,104718138,79701,47.2,106772,16022912,116332,25.3,0,0,0,0
6/15/22,US,591982644,78.1,0,304348,115129,221883332,45177,66.8,149808,104646217,82809,47.2,140458,15916140,123786,25.2,0,0,0,0
6/14/22,US,591406403,78,0,250251,40470,221768203,29807,66.8,77128,104496409,70155,47.1,125165,15775682,120851,25,0,0,0,0
6/13/22,US,591103144,78,0,267396,13076,221727733,31533,66.8,28669,104419281,74098,47.1,39567,15650517,128797,24.8,0,0,0,0
6/12/22,US,590999136,78,0,269866,25664,221714657,31799,66.8,54244,104390612,74684,47.1,83139,15610950,129943,24.7,0,0,0,0
6/11/22,US,590795244,78,0,274368,48194,221688993,32082,66.8,84339,104336368,75607,47.1,148021,15527811,132895,24.6,0,0,0,0
6/10/22,US,590441517,78,0,281116,39710,221640799,32780,66.8,91804,104252029,77014,47,171208,15379790,136333,24.4,0,0,0,0
6/9/22,US,590076511,78,0,264758,33997,221601089,27846,66.7,93671,104160225,74044,47,158944,15208582,134829,24.1,0,0,0,0
6/8/22,US,589852206,78,0,290078,7539,221567092,30935,66.7,61233,104066554,75849,47,119916,15049638,140511,23.9,0,0,0,0
6/7/22,US,589654645,78,0,327761,52556,221559553,38170,66.7,104732,104005321,82942,46.9,180789,14929722,152424,23.7,0,0,0,0
6/6/22,US,589231370,77.9,0,284189,14939,221506997,32778,66.7,32771,103900589,72355,46.9,47586,14748933,133391,23.4,0,0,0,0
6/5/22,US,589110077,77.9,0,284246,27642,221492058,32665,66.7,60701,103867818,72679,46.9,103806,14701347,133727,23.4,0,0,0,0
6/4/22,US,588874667,77.9,0,280326,53080,221464416,32165,66.7,94186,103807117,71368,46.9,172084,14597541,132352,23.2,0,0,0,0
6/3/22,US,588473704,77.9,0,280797,5169,221411336,31550,66.7,71019,103712931,70788,46.8,160682,14425457,135287,22.9,0,0,0,0
6/2/22,US,588223208,77.9,0,316353,55623,221406167,39662,66.7,106302,103641912,75900,46.8,198714,14264775,147009,22.7,0,0,0,0
6/1/22,US,587821662,77.9,0,343662,58184,221350544,42812,66.7,110886,103535610,76904,46.8,203307,14066061,153969,22.4,0,0,0,0
5/31/22,US,587360320,77.9,0,332948,14810,221292360,41535,66.7,30625,103424724,73158,46.7,47560,13862754,150823,22.1,0,0,0,0
5/30/22,US,587242048,77.9,0,398950,14147,221277550,49082,66.6,35034,103394099,86271,46.7,49940,13815194,184782,22,0,0,0,0
5/29/22,US,587120356,77.9,0,405767,24147,221263403,49894,66.6,51525,103359065,86666,46.7,94183,13765254,188530,21.9,0,0,0,0
5/28/22,US,586912385,77.9,0,417846,48772,221239256,51546,66.6,90126,103307540,87574,46.7,192628,13671071,195671,21.8,0,0,0,0
5/27/22,US,586508124,77.8,0,432810,61956,221190484,54177,66.6,106802,103217414,89398,46.7,242737,13478443,204163,21.5,0,0,0,0
5/26/22,US,586008740,77.8,0,398197,77674,221128528,45299,66.6,113336,103110612,83666,46.6,247432,13235706,200057,21.1,0,0,0,0
5/25/22,US,585416027,77.8,0,379842,49240,221050854,44501,66.6,84658,102997276,79665,46.6,181287,12988274,1855467,20.7,0,0,0,0
5/24/22,US,585029684,77.8,0,383083,67644,221001614,45655,66.6,122417,102912618,78845,46.6,285267,12806987,1829569,20.5,0,0,0,0
5/23/22,US,584449398,77.8,0,372595,19828,220933970,45050,66.5,37800,102790201,75196,46.5,76181,12521720,1788817,20,0,0,0,0
5/22/22,US,584279990,77.8,0,372736,35710,220914142,45205,66.5,57879,102752401,74310,46.5,144166,12445539,1777934,19.9,0,0,0,0
5/21/22,US,583987461,77.7,0,372962,67189,220878432,45284,66.5,102900,102694522,73797,46.5,252076,12301373,1757339,19.7,0,0,0,0
5/20/22,US,583478451,77.7,0,366083,-191,220811243,44174,66.5,66678,102591622,71045,46.5,213995,12049297,1721328,19.3,0,0,0,0
5/19/22,US,583221364,77.7,0,386673,72089,220811434,50061,66.5,85327,102524944,73356,46.4,11835302,11835302,1690757,19,0,0,0,0
5/18/22,US,582757136,77.7,0,388308,57322,220739345,64509,66.5,78915,102439617,141153,46.4,0,0,0,0,0,0,0,0
5/17/22,US,582348105,77.7,0,380359,63408,220682023,65486,66.5,96873,102360702,141031,46.4,0,0,0,0,0,0,0,0
5/16/22,US,581841231,77.7,0,371272,20914,220618615,64961,66.4,31601,102263829,139627,46.4,0,0,0,0,0,0,0,0
5/15/22,US,581670838,77.7,0,377228,36262,220597701,65662,66.4,54290,102232228,141113,46.3,0,0,0,0,0,0,0,0
5/14/22,US,581376728,77.6,0,378646,59417,220561439,66797,66.4,83636,102177938,141654,46.3,0,0,0,0,0,0,0,0
5/13/22,US,580915871,77.6,0,381531,41015,220502022,68549,66.4,82856,102094302,142675,46.3,0,0,0,0,0,0,0,0
5/12/22,US,580514653,77.6,0,381535,173229,220461007,69545,66.4,559900,102011446,142799,46.3,0,0,0,0,0,0,0,0
5/11/22,US,580038981,77.8,0,390306,64161,220287778,55051,66.3,78064,101451546,78588,46.1,0,0,0,0,0,0,0,0
5/10/22,US,579685594,77.8,0,392198,59733,220223617,53445,66.3,87045,101373482,77513,46,0,0,0,0,0,0,0,0
5/9/22,US,579242327,77.8,0,405634,25823,220163884,55121,66.3,42000,101286437,80240,46,0,0,0,0,0,0,0,0
5/8/22,US,579030245,77.7,0,411738,44206,220138061,58332,66.3,58082,101244437,82023,46,0,0,0,0,0,0,0,0
5/7/22,US,578726209,77.7,0,422926,71679,220093855,59702,66.3,90784,101186355,83755,46,0,0,0,0,0,0,0,0
5/6/22,US,578245154,77.7,0,426752,47986,220022176,58864,66.3,83719,101095571,83653,45.9,0,0,0,0,0,0,0,0
5/5/22,US,577843905,77.7,0,443561,71773,219974190,60594,66.3,110427,101011852,85820,45.9,0,0,0,0,0,0,0,0
5/4/22,US,577306842,77.7,0,439158,52915,219902417,59861,66.2,70540,100901425,83503,45.9,0,0,0,0,0,0,0,0
5/3/22,US,576940211,77.7,0,479638,71467,219849502,60878,66.2,106134,100830885,85430,45.9,0,0,0,0,0,0,0,0
5/2/22,US,576402886,77.6,0,510461,48304,219778035,58211,66.2,54481,100724751,87761,45.8,0,0,0,0,0,0,0,0
5/1/22,US,576148079,77.6,0,507534,53792,219729731,55919,66.2,70203,100670270,86353,45.8,0,0,0,0,0,0,0,0
4/30/22,US,575765730,77.6,0,511730,65811,219675939,56492,66.2,90071,100600067,87354,45.8,0,0,0,0,0,0,0,0
4/29/22,US,575257890,77.6,0,517329,60100,219610128,57367,66.1,98884,100509996,88724,45.8,0,0,0,0,0,0,0,0
4/28/22,US,574738978,77.6,0,505298,66642,219550028,55710,66.1,94212,100411112,86614,45.7,0,0,0,0,0,0,0,0
4/27/22,US,574232736,77.5,0,535362,60030,219483386,62329,66.1,84025,100316900,93299,45.7,0,0,0,0,0,0,0,0
4/26/22,US,573582745,77.5,0,495853,52799,219423356,60927,66.1,122455,100232875,90995,45.7,0,0,0,0,0,0,0,0
4/25/22,US,572829658,77.5,0,455251,32260,219370557,61885,66.1,44627,100110420,86360,45.6,0,0,0,0,0,0,0,0
4/24/22,US,572595338,77.5,0,456767,57806,219338297,61590,66.1,77205,100065793,86448,45.6,0,0,0,0,0,0,0,0
4/23/22,US,572183620,77.5,0,450102,71932,219280491,60620,66,99660,99988588,85389,45.6,0,0,0,0,0,0,0,0
4/22/22,US,571636588,77.4,0,474656,48504,219208559,66856,66,84117,99888928,88719,45.6,0,0,0,0,0,0,0,0
4/21/22,US,571201893,77.4,0,483401,112976,219160055,64654,66,141006,99804811,93687,45.5,0,0,0,0,0,0,0,0
4/20/22,US,570485199,77.4,0,470903,50218,219047079,60596,66,67896,99663805,89757,45.5,0,0,0,0,0,0,0,0
4/19/22,US,570111773,77.4,0,511387,59500,218996861,67947,66,90011,99595909,99311,45.5,0,0,0,0,0,0,0,0
4/18/22,US,569642898,77.4,0,528138,30196,218937361,72385,65.9,45246,99505898,103184,45.4,0,0,0,0,0,0,0,0
4/17/22,US,569397972,77.3,0,542852,51015,218907165,75624,65.9,69790,99460652,105579,45.4,0,0,0,0,0,0,0,0
4/16/22,US,569032907,77.3,0,552934,115586,218856150,76655,65.9,122970,99390862,106789,45.4,0,0,0,0,0,0,0,0
4/15/22,US,568313997,77.3,0,534538,33088,218740564,72125,65.9,118893,99267892,104865,45.4,0,0,0,0,0,0,0,0
4/14/22,US,567818086,77.3,0,545570,84569,218707476,81694,65.9,113494,99148999,103465,45.3,0,0,0,0,0,0,0,0
4/13/22,US,567188881,77.3,0,542444,101680,218622907,82772,65.8,134779,99035505,103251,45.3,0,0,0,0,0,0,0,0
4/12/22,US,566532062,77.2,0,513808,90564,218521227,80768,65.8,117118,98900726,104662,45.3,0,0,0,0,0,0,0,0
4/11/22,US,565945931,77.2,0,501519,52871,218430663,78313,65.8,62011,98783608,102562,45.2,0,0,0,0,0,0,0,0
4/10/22,US,565598011,77.2,0,501824,58228,218377792,77641,65.8,78258,98721597,103897,45.2,0,0,0,0,0,0,0,0
4/9/22,US,565162367,77.2,0,500371,83875,218319564,77911,65.8,109503,98643339,105480,45.2,0,0,0,0,0,0,0,0
4/8/22,US,564572230,77.1,0,485505,100076,218235689,76097,65.7,109094,98533836,105732,45.2,0,0,0,0,0,0,0,0
4/7/22,US,563999093,77.1,0,453623,92113,218135613,70882,65.7,112000,98424742,107110,45.1,0,0,0,0,0,0,0,0
4/6/22,US,563391773,77.1,0,424670,87650,218043500,69580,65.7,144655,98312742,116724,45.1,0,0,0,0,0,0,0,0
4/5/22,US,562935409,77.1,0,393374,73384,217955850,65269,65.6,102419,98168087,110100,45,0,0,0,0,0,0,0,0
4/4/22,US,562435301,77,0,351244,48162,217882466,62014,65.6,71353,98065668,107595,45,0,0,0,0,0,0,0,0
4/3/22,US,562085242,77,0,315943,60121,217834304,58532,65.6,89340,97994315,103547,45,0,0,0,0,0,0,0,0
4/2/22,US,561659770,77,0,279143,71176,217774183,56109,65.6,111268,97904975,100087,45,0,0,0,0,0,0,0,0
4/1/22,US,561173692,77,0,248189,63572,217703007,55265,65.6,118735,97793707,100018,44.9,0,0,0,0,0,0,0,0
3/31/22,US,560823729,77,0,225928,82996,217639435,52611,65.6,179299,97674972,96533,44.9,0,0,0,0,0,0,0,0
3/30/22,US,560419082,76.9,0,214405,57472,217556439,53081,65.5,98290,97495673,88732,44.8,0,0,0,0,0,0,0,0
3/29/22,US,560181791,76.9,0,218903,50602,217498967,55469,65.5,84880,97397383,88682,44.8,0,0,0,0,0,0,0,0
3/28/22,US,559976590,76.9,0,185403,23789,217448365,50733,65.5,43018,97312503,91036,44.8,0,0,0,0,0,0,0,0
3/27/22,US,559873640,76.9,0,189832,43160,217424576,52056,65.5,65122,97269485,93152,44.7,0,0,0,0,0,0,0,0
3/26/22,US,559705770,76.9,0,191337,65268,217381416,52350,65.5,110783,97204363,94587,44.7,0,0,0,0,0,0,0,0
3/25/22,US,559436368,76.8,0,187894,44991,217316148,51971,65.5,94339,97093580,93456,44.7,0,0,0,0,0,0,0,0
3/24/22,US,559242230,76.8,0,191334,86289,217271157,53442,65.4,124692,96999241,94843,44.6,0,0,0,0,0,0,0,0
3/23/22,US,558918245,76.8,0,181945,74188,217184868,50719,65.4,97942,96874549,91682,44.6,0,0,0,0,0,0,0,0
3/22/22,US,558649472,76.8,0,177410,17448,217110680,48960,65.4,101361,96776607,90997,44.6,0,0,0,0,0,0,0,0
3/21/22,US,558678770,76.8,0,220095,33052,217093232,57489,65.4,57825,96675246,91356,44.5,0,0,0,0,0,0,0,0
3/20/22,US,558544815,76.8,0,223532,45218,217060180,58901,65.4,75169,96617421,92002,44.5,0,0,0,0,0,0,0,0
3/19/22,US,558366410,76.8,0,226972,62615,217014962,60996,65.4,102866,96542252,92296,44.5,0,0,0,0,0,0,0,0
3/18/22,US,558121108,76.8,0,246212,55286,216952347,65004,65.3,104050,96439386,100004,44.5,0,0,0,0,0,0,0,0
3/17/22,US,557902891,76.8,0,235732,67232,216897061,63893,65.3,102562,96335336,100342,44.4,0,0,0,0,0,0,0,0
3/16/22,US,557644629,76.7,0,249521,61874,216829829,67712,65.3,93150,96232774,104740,44.4,0,0,0,0,0,0,0,0
3/15/22,US,557407604,76.7,0,258884,77151,216767955,70617,65.3,103876,96139624,108006,44.4,0,0,0,0,0,0,0,0
3/14/22,US,557138106,76.7,0,257979,42935,216690804,69478,65.3,62345,96035748,109517,44.3,0,0,0,0,0,0,0,0
3/13/22,US,556980091,76.7,0,266820,59885,216647869,71479,65.3,77225,95973403,114458,44.3,0,0,0,0,0,0,0,0
3/12/22,US,556777608,76.7,0,272767,90666,216587984,72653,65.2,156825,95896178,117494,44.3,0,0,0,0,0,0,0,0
3/11/22,US,556397627,76.6,0,266488,47508,216497318,72866,65.2,106417,95739353,114026,44.2,0,0,0,0,0,0,0,0
3/10/22,US,556252766,76.6,0,297719,93966,216449810,79620,65.2,133347,95632936,123250,44.2,0,0,0,0,0,0,0,0
3/9/22,US,555897985,76.6,0,302787,82212,216355844,82857,65.2,116012,95499589,135347,44.1,0,0,0,0,0,0,0,0
3/8/22,US,555595418,76.6,0,316767,69177,216273632,85122,65.1,114452,95383577,142812,44.1,0,0,0,0,0,0,0,0
3/7/22,US,555332256,76.5,0,321851,56940,216204455,85961,65.1,96928,95269125,146005,44.1,0,0,0,0,0,0,0,0
3/6/22,US,555112353,76.5,0,320405,68107,216147515,85656,65.1,98479,95172197,145566,44,0,0,0,0,0,0,0,0
3/5/22,US,554868239,76.5,0,334473,92156,216079408,88913,65.1,132551,95073718,152372,44,0,0,0,0,0,0,0,0
3/4/22,US,554532208,76.5,0,358163,94782,215987252,95602,65.1,170987,94941167,161361,44,0,0,0,0,0,0,0,0
3/3/22,US,554168735,76.4,0,330404,116631,215892470,91324,65,218025,94770180,160888,43.9,0,0,0,0,0,0,0,0
3/2/22,US,553778476,76.4,0,343741,98062,215775839,92344,65,168268,94552155,160579,43.8,0,0,0,0,0,0,0,0
3/1/22,US,553378046,76.4,0,350449,75049,215677777,95939,65,136803,94383887,163384,43.8,0,0,0,0,0,0,0,0
2/28/22,US,553079296,76.4,0,371254,54811,215602728,102609,64.9,93855,94247084,170936,43.7,0,0,0,0,0,0,0,0
2/27/22,US,552869516,76.4,0,375860,90901,215547917,104023,64.9,146118,94153229,173060,43.7,0,0,0,0,0,0,0,0
2/26/22,US,552526931,76.3,0,369644,138979,215457016,101706,64.9,195471,94007111,171341,43.6,0,0,0,0,0,0,0,0
2/25/22,US,552025069,76.3,0,372242,64836,215318037,102168,64.9,167678,93811640,174610,43.6,0,0,0,0,0,0,0,0
2/24/22,US,551855907,76.3,0,417363,123771,215253201,111211,64.8,215862,93643962,181703,43.5,0,0,0,0,0,0,0,0
2/23/22,US,551372287,76.3,0,425810,123229,215129430,130121,64.8,187906,93428100,180006,43.4,0,0,0,0,0,0,0,0
2/22/22,US,550924900,76.2,0,425178,121742,215006201,128864,64.8,189667,93240194,180315,43.4,0,0,0,0,0,0,0,0
2/21/22,US,550480515,76.2,0,433479,64706,214884459,131639,64.7,108721,93050527,184529,43.3,0,0,0,0,0,0,0,0
2/20/22,US,550238498,76.2,0,446968,74680,214819753,135725,64.7,134086,92941806,190182,43.3,0,0,0,0,0,0,0,0
2/19/22,US,549939423,76.1,0,473537,142217,214745073,144379,64.7,218351,92807720,201461,43.2,0,0,0,0,0,0,0,0
2/18/22,US,549419374,76.1,0,491120,128135,214602856,148526,64.6,217333,92589369,211453,43.1,0,0,0,0,0,0,0,0
2/17/22,US,548934364,76.1,0,493892,256141,214474721,149183,64.6,203983,92372036,217052,43.1,0,0,0,0,0,0,0,0
2/16/22,US,548391614,76,0,516988,114432,214218580,138920,64.5,190069,92168053,233521,43,0,0,0,0,0,0,0,0
2/15/22,US,547948656,76,0,544184,141165,214104148,149004,64.5,219162,91977984,248273,43,0,0,0,0,0,0,0,0
2/14/22,US,547446164,75.9,0,546667,93305,213962983,148957,64.4,148290,91758822,250818,42.9,0,0,0,0,0,0,0,0
2/13/22,US,547109724,75.9,0,555669,135259,213869678,151879,64.4,213042,91610532,254965,42.8,0,0,0,0,0,0,0,0
2/12/22,US,546624663,75.9,0,564185,171246,213734419,153819,64.4,288294,91397490,257603,42.8,0,0,0,0,0,0,0,0
2/11/22,US,545981537,75.8,0,568820,132739,213563173,154529,64.3,256526,91109196,260076,42.7,0,0,0,0,0,0,0,0
2/10/22,US,545477120,75.8,0,580896,184294,213430434,156321,64.3,319266,90852670,266976,42.6,0,0,0,0,0,0,0,0
2/9/22,US,544772697,75.7,0,591786,185023,213246140,159350,64.2,293333,90533404,274188,42.5,0,0,0,0,0,0,0,0
2/8/22,US,544139366,75.7,0,602606,140839,213061117,158080,64.2,236976,90240071,279147,42.4,0,0,0,0,0,0,0,0
2/7/22,US,543619492,75.7,0,611742,113757,212920278,157341,64.1,177321,90003095,286122,42.3,0,0,0,0,0,0,0,0
2/6/22,US,543220044,75.6,0,627161,148839,212806521,158770,64.1,231509,89825774,295003,42.2,0,0,0,0,0,0,0,0
2/5/22,US,542675367,75.6,0,655591,176217,212657682,160636,64.1,305603,89594265,315894,42.1,0,0,0,0,0,0,0,0
2/4/22,US,541999800,75.5,0,680135,145282,212481465,162521,64,304829,89288662,333329,42,0,0,0,0,0,0,0,0
2/3/22,US,541410847,75.5,0,719986,205499,212336183,167728,64,369749,88983833,357030,41.9,0,0,0,0,0,0,0,0
2/2/22,US,540630198,75.4,0,494092,176129,212130684,182924,63.9,328047,88614084,485061,41.8,0,0,0,0,0,0,0,0
2/1/22,US,539921122,75.4,0,510477,135670,211954555,181726,63.8,285798,88286037,497975,41.7,0,0,0,0,0,0,0,0
1/31/22,US,539337296,75.3,0,575732,123754,211818885,194131,63.8,239486,88000239,525797,41.5,0,0,0,0,0,0,0,0
1/30/22,US,538829920,75.3,0,603030,161902,211695131,191017,63.8,377746,87760753,548019,41.5,0,0,0,0,0,0,0,0
1/29/22,US,538086232,75.2,0,595871,189411,211533229,186234,63.7,427650,87383007,546416,41.3,0,0,0,0,0,0,0,0
1/28/22,US,537238853,75.1,0,626946,181735,211343818,188864,63.7,470739,86955357,563229,41.1,0,0,0,0,0,0,0,0
1/27/22,US,536370947,75.1,0,643725,311871,211162083,188496,63.6,1265961,86484618,576263,41,0,0,0,0,0,0,0,0
1/26/22,US,537171553,75.8,0,962958,167741,210850212,191559,63.5,418448,85218657,503868,40.4,0,0,0,0,0,0,0,0
1/25/22,US,536347783,75.7,0,1011603,222508,210682471,195671,63.5,480553,84800209,536414,40.3,0,0,0,0,0,0,0,0
1/24/22,US,535307175,75.6,0,964797,101955,210459963,178880,63.4,395041,84319656,523842,40.1,0,0,0,0,0,0,0,0
1/23/22,US,534608709,75.5,0,957837,128422,210358008,174994,63.4,366524,83924615,523182,39.9,0,0,0,0,0,0,0,0
1/22/22,US,533915132,75.5,0,1002322,207820,210229586,176306,63.3,545337,83558091,553772,39.7,0,0,0,0,0,0,0,0
1/21/22,US,532850229,75.4,0,1035111,179156,210021766,175700,63.3,561982,83012754,578714,39.5,0,0,0,0,0,0,0,0
1/20/22,US,531864871,75.3,0,1094988,333313,209842610,182530,63.2,759191,82450772,615944,39.3,0,0,0,0,0,0,0,0
1/19/22,US,530430844,75.2,0,1135453,196527,209509297,189520,63.1,646270,81691581,655772,39,0,0,0,0,0,0,0,0
1/18/22,US,529266561,75.1,0,1158537,104967,209312770,194023,63,392553,81045311,666273,38.7,0,0,0,0,0,0,0,0
1/17/22,US,528553599,75.1,0,1198214,74759,209207803,201638,63,390422,80652758,690851,38.6,0,0,0,0,0,0,0,0
1/16/22,US,527903848,75,0,1224061,137606,209133044,210139,63,580650,80262336,700822,38.4,0,0,0,0,0,0,0,0
1/15/22,US,526898876,74.9,0,1268202,203576,208995438,220427,62.9,719931,79681686,723405,38.1,0,0,0,0,0,0,0,0
1/14/22,US,525604449,74.8,0,1286773,226968,208791862,223125,62.9,822594,78961755,735361,37.8,0,0,0,0,0,0,0,0
1/13/22,US,524199956,74.7,0,1291013,382237,208564894,221197,62.8,1037986,78139161,735447,37.5,0,0,0,0,0,0,0,0
1/12/22,US,522482674,74.6,0,1234672,228052,208182657,197836,62.7,719781,77101175,691210,37,0,0,0,0,0,0,0,0
1/11/22,US,521156804,74.5,0,1213113,158270,207954605,196135,62.6,564594,76381394,677915,36.7,0,0,0,0,0,0,0,0
1/10/22,US,520166098,74.4,0,1306386,134264,207796335,210832,62.6,460221,75816800,731525,36.5,0,0,0,0,0,0,0,0
1/9/22,US,519335422,74.3,0,1333778,209623,207662071,214791,62.5,738731,75356579,742811,36.3,0,0,0,0,0,0,0,0
1/8/22,US,518021463,74.2,0,1146070,222465,207452448,184844,62.5,803620,74617848,637278,36,0,0,0,0,0,0,0,0
1/7/22,US,516597039,74.1,0,1041321,213469,207229983,167202,62.4,823200,73814228,579668,35.6,0,0,0,0,0,0,0,0
1/6/22,US,515162867,74,0,1072127,218715,207016514,172160,62.4,728325,72991028,597188,35.3,0,0,0,0,0,0,0,0
1/5/22,US,513839973,73.9,0,1075148,216140,206797799,165641,62.3,626714,72262703,611080,34.9,0,0,0,0,0,0,0,0
1/4/22,US,512665013,73.8,0,1093005,261152,206581659,165844,62.2,939868,71635989,623421,34.7,0,0,0,0,0,0,0,0
1/3/22,US,511021395,73.6,0,1077247,161973,206320507,160504,62.1,539219,70696121,618588,34.3,0,0,0,0,0,0,0,0
1/2/22,US,509998974,73.5,0,1030041,0,206158534,153327,62.1,0,70156902,595986,34,0,0,0,0,0,0,0,0
1/1/22,US,509998974,73.5,0,1062041,98970,206158534,157672,62.1,400350,70156902,613612,34,0,0,0,0,0,0,0,0
12/31/21,US,509307789,73.5,0,1059875,248170,206059564,156143,62.1,945843,69756552,613406,33.9,0,0,0,0,0,0,0,0
12/30/21,US,507657980,73.3,0,1062236,173087,205811394,153010,62,825572,68810709,619362,33.4,0,0,0,0,0,0,0,0
12/29/21,US,506313935,73.2,0,1042911,217562,205638307,117084,61.9,713101,67985137,686508,33.1,0,0,0,0,0,0,0,0
12/28/21,US,505013980,73.1,0,1091279,223772,205420745,120288,61.9,906035,67272036,722887,32.7,0,0,0,0,0,0,0,0
12/27/21,US,503480667,73,0,1034442,111729,205196973,156855,61.8,381001,66366001,793159,32.3,0,0,0,0,0,0,0,0
12/26/21,US,502788687,73,0,1098107,30418,205085244,165537,61.8,123384,65985000,832775,32.2,0,0,0,0,0,0,0,0
12/25/21,US,502564690,72.9,0,1276023,88265,205054826,189625,61.8,398906,65861616,944866,32.1,0,0,0,0,0,0,0,0
12/24/21,US,501888667,72.9,0,1428003,226240,204966561,212479,61.7,987539,65462710,1039542,31.9,0,0,0,0,0,0,0,0
12/23/21,US,500222330,72.7,0,1455926,-78396,204740321,225856,61.7,1295591,64475171,1053371,31.5,0,0,0,0,0,0,0,0
12/22/21,US,499013558,72.8,0,1531067,239992,204818717,281833,61.7,967757,63179580,1014202,30.8,0,0,0,0,0,0,0,0
12/21/21,US,497375025,72.6,0,1542936,479743,204578725,296384,61.6,1397940,62211823,1012898,30.4,0,0,0,0,0,0,0,0
12/20/21,US,496239573,72.9,0,1554261,172503,204098982,264612,61.5,658310,60813883,910602,29.8,0,0,0,0,0,0,0,0
12/19/21,US,495101938,72.8,0,1558720,199033,203926479,278749,61.4,908025,60155573,907463,29.5,0,0,0,0,0,0,0,0
12/18/21,US,493632529,72.7,0,1562366,248240,203727446,291270,61.4,1061632,59247548,903397,29.1,0,0,0,0,0,0,0,0
12/17/21,US,491892649,72.5,0,1617840,319879,203479206,314232,61.3,1084348,58185916,919535,28.6,0,0,0,0,0,0,0,0
12/16/21,US,490030849,72.4,0,1799583,313441,203159327,348848,61.2,1021403,57101568,1028782,28.1,0,0,0,0,0,0,0,0
12/15/21,US,488296089,72.3,0,1795384,341849,202845886,349336,61.1,958632,56080165,1026259,27.6,0,0,0,0,0,0,0,0
12/14/21,US,486574475,72.2,0,1904464,257339,202504037,402371,61,681866,55121533,1036416,27.2,0,0,0,0,0,0,0,0
12/13/21,US,485359746,72.1,0,1951329,271463,202246698,419096,60.9,636335,54439667,1057129,26.9,0,0,0,0,0,0,0,0
12/12/21,US,484190896,72,0,1984721,286685,201975235,430387,60.8,879569,53803332,1071923,26.6,0,0,0,0,0,0,0,0
12/11/21,US,482695970,71.9,0,2025598,408968,201688550,442340,60.7,1174592,52923763,1090706,26.2,0,0,0,0,0,0,0,0
12/10/21,US,480567772,71.7,0,2031377,562195,201279582,438277,60.6,1849082,51749171,1101982,25.7,0,0,0,0,0,0,0,0
12/9/21,US,477433765,71.5,0,1855455,316854,200717387,411237,60.5,1003743,49900089,989552,24.9,0,0,0,0,0,0,0,0
12/8/21,US,475728399,71.4,0,1923508,713094,200400533,433916,60.4,1029726,48896346,994705,24.4,0,0,0,0,0,0,0,0
12/7/21,US,473243228,71.2,0,1781389,374417,199687439,375493,60.1,826861,47866620,962936,24,0,0,0,0,0,0,0,0
12/6/21,US,471700443,71.1,0,1780807,350502,199313022,358118,60,739890,47039759,970267,23.6,0,0,0,0,0,0,0,0
12/5/21,US,470297846,71,0,2264301,370353,198962520,399109,59.9,1011052,46299869,1257266,23.3,0,0,0,0,0,0,0,0
12/4/21,US,468516782,70.9,0,2009864,380526,198592167,346201,59.8,1253524,45288817,1112830,22.8,0,0,0,0,0,0,0,0
12/3/21,US,466348132,70.7,0,1700056,372913,198211641,291840,59.7,1062071,44035293,933755,22.2,0,0,0,0,0,0,0,0
12/2/21,US,464445580,70.6,0,1428263,475612,197838728,238567,59.6,1039812,42973222,782031,21.7,0,0,0,0,0,0,0,0
12/1/21,US,462263845,70.4,0,1116587,304128,197363116,170622,59.4,807346,41933410,633486,21.2,0,0,0,0,0,0,0,0
11/30/21,US,460773508,70.2,0,1152647,252794,197058988,154999,59.4,878174,41126064,640851,20.9,0,0,0,0,0,0,0,0
11/29/21,US,459234791,70.1,0,939546,637438,196806194,58178,59.3,2748886,40247890,598488,20.5,0,0,0,0,0,0,0,0
11/28/21,US,454447737,69.7,0,427700,0,196168756,-16526,59.1,0,37499004,300747,19.1,0,0,0,0,0,0,0,0
11/27/21,US,454447737,69.7,0,641736,0,196168756,5751,59.1,0,37499004,427934,19.1,0,0,0,0,0,0,0,0
11/26/21,US,454447737,69.7,0,898833,0,196168756,35455,59.1,0,37499004,577738,19.1,0,0,0,0,0,0,0,0
11/25/21,US,454447737,69.7,0,1171056,0,196168756,65092,59.1,0,37499004,718446,19.1,0,0,0,0,0,0,0,0
11/24/21,US,454447737,69.7,0,1379793,194764,196168756,79484,59.1,858902,37499004,862047,19.1,0,0,0,0,0,0,0,0
11/23/21,US,452704982,69.5,0,1332969,-424956,195973992,76900,59,581630,36640102,847303,18.7,0,0,0,0,0,0,0,0
11/22/21,US,452657967,69.5,0,1521815,114506,196398948,160434,59.2,664702,36058472,855861,18.4,0,0,0,0,0,0,0,0
11/21/21,US,451453834,69.4,0,1556317,155946,196284442,166281,59.1,890308,35393770,864972,18,0,0,0,0,0,0,0,0
11/20/21,US,449955588,69.2,0,1560161,207930,196128496,168198,59.1,1048630,34503462,847405,17.6,0,0,0,0,0,0,0,0
11/19/21,US,448155906,69.1,0,1543415,207459,195920566,167532,59,984951,33454832,827759,17.1,0,0,0,0,0,0,0,0
11/18/21,US,446250342,68.8,0,1464406,100742,195713107,162565,58.9,1005212,32469881,794415,16.6,0,0,0,0,0,0,0,0
11/17/21,US,444789186,68.7,0,1471757,176677,195612365,175634,58.9,755690,31464669,768217,16.1,0,0,0,0,0,0,0,0
11/16/21,US,443374199,68.6,0,1459687,159784,195435688,181011,58.9,641535,30708979,762919,15.7,0,0,0,0,0,0,0,0
11/15/21,US,442005260,68.4,0,1413343,155434,195275904,182113,58.8,728478,30067444,753192,15.4,0,0,0,0,0,0,0,0
11/14/21,US,440559613,68.3,0,1375998,169364,195120470,183983,58.8,767341,29338966,750694,15,0,0,0,0,0,0,0,0
11/13/21,US,439034461,68.1,0,1370279,203267,194951106,189025,58.7,911110,28571625,770918,14.7,0,0,0,0,0,0,0,0
11/12/21,US,437352000,68,0,1335066,172693,194747839,188853,58.7,751542,27660515,769879,14.2,0,0,0,0,0,0,0,0
11/11/21,US,435999497,67.8,0,1324486,192225,194575146,192476,58.6,821826,26908973,775064,13.8,0,0,0,0,0,0,0,0
11/10/21,US,434486889,67.7,0,1316294,214310,194382921,207347,58.5,718602,26087147,782597,13.4,0,0,0,0,0,0,0,0
11/9/21,US,433156393,67.5,0,1316228,167503,194168611,206029,58.5,573448,25368545,797803,13.1,0,0,0,0,0,0,0,0
11/8/21,US,432111860,67.5,0,1300925,168524,194001108,202025,58.4,710990,24795097,802337,12.8,0,0,0,0,0,0,0,0
11/7/21,US,430927624,67.4,0,1265361,204655,193832584,197012,58.4,908913,24084107,782371,12.4,0,0,0,0,0,0,0,0
11/6/21,US,429442508,67.2,0,1254975,202067,193627929,197571,58.3,903837,23175194,778880,12,0,0,0,0,0,0,0,0
11/5/21,US,428006540,67.1,0,1283684,198049,193425862,203999,58.3,787838,22271357,798441,11.5,0,0,0,0,0,0,0,0
11/4/21,US,426728092,67,0,1276079,296327,193227813,283625,58.2,874554,21483519,866597,11.1,0,0,0,0,0,0,0,0
11/3/21,US,425272828,66.9,0,1302629,205080,192931486,277248,58.1,825044,20608965,882742,10.7,0,0,0,0,0,0,0,0
11/2/21,US,423942794,66.9,0,1275824,139479,192726406,276186,58.1,605183,19783921,861446,10.3,0,0,0,0,0,0,0,0
11/1/21,US,423005384,66.8,0,1243313,133427,192586927,269591,58,571233,19178738,845145,10,0,0,0,0,0,0,0,0
10/31/21,US,422070099,66.7,0,1203517,208573,192453500,267828,58,884472,18607505,817039,9.7,0,0,0,0,0,0,0,0
10/30/21,US,420657683,66.6,0,1114502,247058,192244927,263237,57.9,1040764,17723033,750116,9.2,0,0,0,0,0,0,0,0
10/29/21,US,419020753,66.5,0,1008247,755437,191997869,259759,57.8,1264929,16682269,663595,8.7,0,0,0,0,0,0,0,0
10/28/21,US,417795537,66.7,0,969270,251682,191242432,188283,57.6,987569,15417340,544286,8.1,0,0,0,0,0,0,0,0
10/27/21,US,416154424,66.5,0,852098,197650,190990750,183005,57.5,675978,14429771,454729,7.6,0,0,0,0,0,0,0,0
10/26/21,US,415012026,66.5,0,796148,93310,190793100,186472,57.5,491075,13753793,403889,7.2,0,0,0,0,0,0,0,0
10/25/21,US,414302192,66.4,0,786321,121086,190699790,201033,57.4,374492,13262718,368791,7,0,0,0,0,0,0,0,0
10/24/21,US,413645478,66.4,0,768503,176442,190578704,205317,57.4,416007,12888226,346705,6.8,0,0,0,0,0,0,0,0
10/23/21,US,412856169,66.3,0,772744,222709,190402262,214254,57.4,435118,12472219,336770,6.6,0,0,0,0,0,0,0,0
10/22/21,US,411963025,66.2,0,770307,255106,190179553,217765,57.3,429767,12037101,330567,6.3,0,0,0,0,0,0,0,0
10/21/21,US,411010650,66.2,0,795156,214737,189924447,234671,57.2,360666,11607334,326880,6.1,0,0,0,0,0,0,0,0
10/20/21,US,410189737,66.1,0,831213,221917,189709710,253164,57.1,320104,11246668,334684,5.9,0,0,0,0,0,0,0,0
10/19/21,US,409438987,66,0,837452,195234,189487793,253280,57.1,245389,10926564,339748,5.8,0,0,0,0,0,0,0,0
10/18/21,US,408797942,66,0,817729,151078,189292559,247242,57,219889,10681175,333953,5.6,0,0,0,0,0,0,0,0
10/17/21,US,408265959,65.9,0,811216,238998,189141481,245327,57,346462,10461286,332080,5.5,0,0,0,0,0,0,0,0
10/16/21,US,407446961,65.8,0,803960,247287,188902483,241001,56.9,391693,10114824,332651,5.4,0,0,0,0,0,0,0,0
10/15/21,US,406570875,65.8,0,843065,373449,188655196,248182,56.8,403959,9723131,348382,5.2,0,0,0,0,0,0,0,0
10/14/21,US,405444558,65.6,0,841731,344188,188281747,237651,56.7,415298,9319172,364942,4.9,0,0,0,0,0,0,0,0
10/13/21,US,404371247,65.6,0,813690,222730,187937559,221686,56.6,355548,8903874,361695,4.7,0,0,0,0,0,0,0,0
10/12/21,US,403576826,65.5,0,836967,152964,187714829,236383,56.5,204826,8548326,362839,4.6,0,0,0,0,0,0,0,0
10/11/21,US,403073841,65.4,0,879182,137679,187561865,253395,56.5,206778,8343500,375960,4.4,0,0,0,0,0,0,0,0
10/10/21,US,402587449,65.4,0,950375,208715,187424186,275943,56.5,350459,8136722,407052,4.3,0,0,0,0,0,0,0,0
10/9/21,US,401819240,65.3,0,1018422,297550,187215471,295967,56.4,501808,7786263,434787,4.2,0,0,0,0,0,0,0,0
10/8/21,US,400669422,65.2,0,987508,299737,186917921,295072,56.3,519881,7284455,417237,3.9,0,0,0,0,0,0,0,0
10/7/21,US,399552444,65.1,0,948921,232433,186618184,288104,56.2,392567,6764574,390444,3.6,0,0,0,0,0,0,0,0
10/6/21,US,398675414,65.1,0,954679,325605,186385751,292926,56.1,363558,6372007,384962,3.4,0,0,0,0,0,0,0,0
10/5/21,US,397718055,65,0,937926,272048,186060146,284903,56,296675,6008449,372658,3.2,0,0,0,0,0,0,0,0
10/4/21,US,396919564,64.9,0,893520,295519,185788098,271313,56,424417,5711774,419463,3.1,0,0,0,0,0,0,0,0
10/3/21,US,395934825,64.8,0,831500,348881,185492579,260244,55.9,544607,5287357,375819,2.9,0,0,0,0,0,0,0,0
10/2/21,US,394690283,64.7,0,759656,291282,185143698,255767,55.8,378959,4742750,316442,2.6,0,0,0,0,0,0,0,0
10/1/21,US,393756866,64.6,0,741394,250966,184852416,270531,55.7,332327,4363791,274383,2.4,0,0,0,0,0,0,0,0
9/30/21,US,392909995,64.6,0,726899,266187,184601450,287730,55.6,354196,4031464,237232,2.2,0,0,0,0,0,0,0,0
9/29/21,US,391992662,64.5,0,642707,269439,184335263,278203,55.5,277431,3677268,196167,0,0,0,0,0,0,0,0,0
9/28/21,US,391152574,64.4,0,624537,176917,184065824,293354,55.5,624309,3399837,165371,0,0,0,0,0,0,0,0,0
9/27/21,US,390664923,64.4,0,632435,218037,183888907,308690,55.4,118905,2775528,81441,0,0,0,0,0,0,0,0,0
9/26/21,US,390114328,64.3,0,646902,317544,183670870,326842,55.3,128967,2656623,71412,0,0,0,0,0,0,0,0,0
9/25/21,US,389372689,64.2,0,637343,394630,183353326,331186,55.2,84550,2527656,60069,0,0,0,0,0,0,0,0,0
9/24/21,US,388567109,64.1,0,653176,371362,182958696,340932,55.1,72267,2443106,57018,0,0,0,0,0,0,0,0,0
9/23/21,US,387821704,64,0,683329,199494,182587334,357313,55,66741,2370839,55498,0,0,0,0,0,0,0,0,0
9/22/21,US,387493716,64,0,742703,375497,182387840,384650,54.9,61861,2304098,54693,0,0,0,0,0,0,0,0,0
9/21/21,US,386780816,63.9,0,761079,284271,182012343,388908,54.8,36799,2242237,54622,0,0,0,0,0,0,0,0,0
9/20/21,US,386237881,63.9,0,772308,345096,181728072,392160,54.7,48702,2205438,54734,0,0,0,0,0,0,0,0,0
9/19/21,US,385586012,63.8,0,763444,347954,181382976,384300,54.6,49569,2156736,53517,0,0,0,0,0,0,0,0,0
9/18/21,US,384911290,63.7,0,777010,462851,181035022,386661,54.5,63191,2107167,56076,0,0,0,0,0,0,0,0,0
9/17/21,US,383994877,63.6,0,775023,486028,180572171,381816,54.4,61625,2043976,57511,0,0,0,0,0,0,0,0,0
9/16/21,US,383038403,63.5,0,773763,390856,180086143,379014,54.2,61108,1982351,59906,0,0,0,0,0,0,0,0,0
9/15/21,US,382294795,63.4,0,762809,405304,179695287,370090,54.1,61365,1921243,58408,0,0,0,0,0,0,0,0,0
9/14/21,US,381453265,63.2,0,779698,307033,179289983,375783,54,37580,1859878,60038,0,0,0,0,0,0,0,0,0
9/13/21,US,380831725,63.2,0,762689,290075,178982950,365396,53.9,40182,1822298,57396,0,0,0,0,0,0,0,0,0
9/12/21,US,380241903,63.1,0,736221,364486,178692875,350714,53.8,67484,1782116,55903,0,0,0,0,0,0,0,0,0
9/11/21,US,379472220,63,0,711899,428931,178328389,337160,53.7,73239,1714632,54324,0,0,0,0,0,0,0,0,0
9/10/21,US,378569717,62.9,0,721844,466414,177899458,337347,53.6,78387,1641393,56627,0,0,0,0,0,0,0,0,0
9/9/21,US,377622065,62.7,0,786493,328392,177433044,351301,53.4,50623,1563006,59173,0,0,0,0,0,0,0,0,0
9/8/21,US,376955132,62.7,0,810715,445156,177104652,357805,53.3,72773,1512383,62090,0,0,0,0,0,0,0,0,0
9/7/21,US,375995378,62.5,0,826193,234324,176659496,362566,53.2,19084,1439610,63413,0,0,0,0,0,0,0,0,0
9/6/21,US,375492903,62.5,0,847999,187298,176425172,370424,53.1,29734,1420526,66549,0,0,0,0,0,0,0,0,0
9/5/21,US,375088354,62.4,0,889231,269608,176237874,388237,53.1,56433,1390792,69904,0,0,0,0,0,0,0,0,0
9/4/21,US,374488924,62.3,0,939579,430241,175968266,409567,53,89356,1334359,73537,0,0,0,0,0,0,0,0,0
9/3/21,US,373516809,62.2,0,954046,564088,175538025,413010,52.9,96211,1245003,73253,0,0,0,0,0,0,0,0,0
9/2/21,US,372116617,62,0,906992,373920,174973937,400418,52.7,71041,1148792,72275,0,0,0,0,0,0,0,0,0
9/1/21,US,371280129,61.9,0,919633,478488,174600017,403806,52.6,82036,1077751,71714,0,0,0,0,0,0,0,0,0
8/31/21,US,370212027,61.8,0,899462,289327,174121529,393410,52.4,41032,995715,69044,0,0,0,0,0,0,0,0,0
8/30/21,US,369556911,61.7,0,898446,311991,173832202,391892,52.4,53221,954683,69211,0,0,0,0,0,0,0,0,0
8/29/21,US,368863734,61.6,0,886566,418919,173520211,385512,52.3,81864,901462,128780,0,0,0,0,0,0,0,0,0
8/28/21,US,367911870,61.4,0,889615,454340,173101292,384929,52.1,87369,819598,117085,0,0,0,0,0,0,0,0,0
8/27/21,US,366838484,61.3,0,886314,475943,172646952,378281,52,89368,732229,104604,0,0,0,0,0,0,0,0,0
8/26/21,US,365767674,61.1,0,877756,397639,172171009,368305,51.9,67112,642861,91837,0,0,0,0,0,0,0,0,0
8/25/21,US,364842701,61,0,891838,405713,171773370,369586,51.7,63348,575749,82249,0,0,0,0,0,0,0,0,0
8/24/21,US,363915792,60.9,0,860114,278703,171367657,352864,51.6,42195,512401,73200,0,0,0,0,0,0,0,0,0
8/23/21,US,363267789,60.8,0,853676,267333,171088954,342799,51.5,470206,470206,67172,0,0,0,0,0,0,0,0,0
8/22/21,US,362657771,60.7,0,889158,414836,170821621,351366,51.5,0,0,0,0,0,0,0,0,0,0,0,0
8/21/21,US,361684564,60.5,0,845106,407802,170406785,330837,51.3,0,0,0,0,0,0,0,0,0,0,0,0
8/20/21,US,360634287,60.4,0,836620,406110,169998983,328544,51.2,0,0,0,0,0,0,0,0,0,0,0,0
8/19/21,US,359623380,60.2,0,823355,406605,169592873,319734,51.1,0,0,0,0,0,0,0,0,0,0,0,0
8/18/21,US,358599835,60,0,770613,288664,169186268,297251,51,0,0,0,0,0,0,0,0,0,0,0,0
8/17/21,US,357894995,59.9,0,763436,208247,168897604,290813,50.9,0,0,0,0,0,0,0,0,0,0,0,0
8/16/21,US,357292057,59.8,0,765555,327299,168689357,290711,50.8,0,0,0,0,0,0,0,0,0,0,0,0
8/15/21,US,356433665,59.7,0,718962,271133,168362058,269225,50.7,0,0,0,0,0,0,0,0,0,0,0,0
8/14/21,US,355768825,59.5,0,734520,391755,168090925,269678,50.6,0,0,0,0,0,0,0,0,0,0,0,0
8/13/21,US,354777950,59.4,0,712924,344441,167699170,254416,50.5,0,0,0,0,0,0,0,0,0,0,0,0
8/12/21,US,353859894,59.2,0,699068,249222,167354729,245309,50.4,0,0,0,0,0,0,0,0,0,0,0,0
8/11/21,US,353205544,59.1,0,729009,243595,167105507,252931,50.3,0,0,0,0,0,0,0,0,0,0,0,0
8/10/21,US,352550944,58.9,0,739114,207538,166861912,254356,50.3,0,0,0,0,0,0,0,0,0,0,0,0
8/9/21,US,351933175,58.8,0,715547,176893,166654374,247815,50.2,0,0,0,0,0,0,0,0,0,0,0,0
8/8/21,US,351400930,58.7,0,706323,274305,166477481,245722,50.1,0,0,0,0,0,0,0,0,0,0,0,0
8/7/21,US,350627188,58.5,0,712389,284920,166203176,250887,50.1,0,0,0,0,0,0,0,0,0,0,0,0
8/6/21,US,349787479,58.4,0,694138,280690,165918256,247739,50,0,0,0,0,0,0,0,0,0,0,0,0
8/5/21,US,348966419,58.2,0,699261,302579,165637566,252664,49.9,0,0,0,0,0,0,0,0,0,0,0,0
8/4/21,US,348102478,58,0,677279,253571,165334987,249563,49.8,0,0,0,0,0,0,0,0,0,0,0,0
8/3/21,US,347377149,57.9,0,681373,161750,165081416,252706,49.7,0,0,0,0,0,0,0,0,0,0,0,0
8/2/21,US,346924345,57.8,0,673185,162243,164919666,249471,49.7,0,0,0,0,0,0,0,0,0,0,0,0
8/1/21,US,346456669,57.7,0,662529,310459,164757423,247385,49.6,0,0,0,0,0,0,0,0,0,0,0,0
7/31/21,US,345640466,57.5,0,657213,262884,164446964,245878,49.5,0,0,0,0,0,0,0,0,0,0,0,0
7/30/21,US,344928514,57.4,0,652085,315164,164184080,249829,49.5,0,0,0,0,0,0,0,0,0,0,0,0
7/29/21,US,344071595,57.2,0,615404,280874,163868916,242107,49.4,0,0,0,0,0,0,0,0,0,0,0,0
7/28/21,US,343361524,57.1,0,608380,275568,163588042,241856,49.3,0,0,0,0,0,0,0,0,0,0,0,0
7/27/21,US,342607540,56.9,0,588024,139108,163312474,240114,49.2,0,0,0,0,0,0,0,0,0,0,0,0
7/26/21,US,342212051,56.8,0,566374,147640,163173366,242807,49.1,0,0,0,0,0,0,0,0,0,0,0,0
7/25/21,US,341818968,56.8,0,582659,299914,163025726,256177,49.1,0,0,0,0,0,0,0,0,0,0,0,0
7/24/21,US,341039972,56.6,0,542932,290536,162725812,247396,49,0,0,0,0,0,0,0,0,0,0,0,0
7/23/21,US,340363922,56.5,0,537109,261111,162435276,249842,48.9,0,0,0,0,0,0,0,0,0,0,0,0
7/22/21,US,339763765,56.4,0,529830,279120,162174165,252232,48.8,0,0,0,0,0,0,0,0,0,0,0,0
7/21/21,US,339102867,56.3,0,516441,263369,161895045,252647,48.8,0,0,0,0,0,0,0,0,0,0,0,0
7/20/21,US,338491374,56.2,0,507020,157961,161631676,279501,48.7,0,0,0,0,0,0,0,0,0,0,0,0
7/19/21,US,338247434,56.1,0,520952,241232,161473715,282070,48.6,0,0,0,0,0,0,0,0,0,0,0,0
7/18/21,US,337740358,56,0,512673,238448,161232483,280849,48.6,0,0,0,0,0,0,0,0,0,0,0,0
7/17/21,US,337239448,56,0,524863,307657,160994035,291374,48.5,0,0,0,0,0,0,0,0,0,0,0,0
7/16/21,US,336604158,55.9,0,519678,277840,160686378,293849,48.4,0,0,0,0,0,0,0,0,0,0,0,0
7/15/21,US,336054953,55.8,0,529879,282022,160408538,302996,48.3,0,0,0,0,0,0,0,0,0,0,0,0
7/14/21,US,335487779,55.7,0,548045,451353,160126516,316906,48.2,0,0,0,0,0,0,0,0,0,0,0,0
7/13/21,US,334942236,55.6,0,532556,175939,159675163,291296,48.1,0,0,0,0,0,0,0,0,0,0,0,0
7/12/21,US,334600770,55.5,0,515119,232688,159499224,282143,48,0,0,0,0,0,0,0,0,0,0,0,0
7/11/21,US,334151648,55.5,0,506771,312119,159266536,277542,48,0,0,0,0,0,0,0,0,0,0,0,0
7/10/21,US,333565404,55.4,0,513550,324986,158954417,281695,47.9,0,0,0,0,0,0,0,0,0,0,0,0
7/9/21,US,332966409,55.3,0,593848,341865,158629431,339076,47.8,0,0,0,0,0,0,0,0,0,0,0,0
7/8/21,US,332345797,55.2,0,599070,379395,158287566,343280,47.7,0,0,0,0,0,0,0,0,0,0,0,0
7/7/21,US,331651464,55.1,0,732848,272083,157908171,431926,47.6,0,0,0,0,0,0,0,0,0,0,0,0
7/6/21,US,331214347,55,0,865929,111865,157636088,490917,47.5,0,0,0,0,0,0,0,0,0,0,0,0
7/5/21,US,330994939,55,0,940081,200485,157524223,535443,47.4,0,0,0,0,0,0,0,0,0,0,0,0
7/4/21,US,330604253,54.9,0,1039561,341189,157323738,613581,47.4,0,0,0,0,0,0,0,0,0,0,0,0
7/3/21,US,329970551,54.9,0,1121064,726653,156982549,685472,47.3,0,0,0,0,0,0,0,0,0,0,0,0
7/2/21,US,328809470,54.7,0,1087156,371295,156255896,662906,47.1,0,0,0,0,0,0,0,0,0,0,0,0
7/1/21,US,328152304,54.6,0,1066443,999915,155884601,661795,47,0,0,0,0,0,0,0,0,0,0,0,0
6/30/21,US,326521526,54.4,0,949925,685022,154884686,585340,46.7,0,0,0,0,0,0,0,0,0,0,0,0
6/29/21,US,325152847,54.2,0,847000,423546,154199664,539284,46.4,0,0,0,0,0,0,0,0,0,0,0,0
6/28/21,US,324414371,54.1,0,833990,747453,153776118,532873,46.3,0,0,0,0,0,0,0,0,0,0,0,0
6/27/21,US,323327328,54,0,765846,844422,153028665,480145,46.1,0,0,0,0,0,0,0,0,0,0,0,0
6/26/21,US,322123103,53.9,0,715044,568689,152184243,437011,45.8,0,0,0,0,0,0,0,0,0,0,0,0
6/25/21,US,321199379,53.8,0,735800,363520,151615554,450935,45.7,0,0,0,0,0,0,0,0,0,0,0,0
6/24/21,US,320687205,53.7,0,816831,464731,151252034,499064,45.6,0,0,0,0,0,0,0,0,0,0,0,0
6/23/21,US,319872053,53.6,0,993840,362628,150787303,618739,45.4,0,0,0,0,0,0,0,0,0,0,0,0
6/22/21,US,319223844,53.5,0,1048167,378669,150424675,665186,45.3,0,0,0,0,0,0,0,0,0,0,0,0
6/21/21,US,318576441,53.4,0,1132945,378360,150046006,732381,45.2,0,0,0,0,0,0,0,0,0,0,0,0
6/20/21,US,317966408,53.3,0,1234838,542482,149667646,820917,45.1,0,0,0,0,0,0,0,0,0,0,0,0
6/19/21,US,317117797,53.2,0,1286438,666161,149125164,858012,44.9,0,0,0,0,0,0,0,0,0,0,0,0
6/18/21,US,316048776,53.1,0,1362712,700418,148459003,909067,44.7,0,0,0,0,0,0,0,0,0,0,0,0
6/17/21,US,314969386,53,0,1325967,1302461,147758585,882190,44.5,0,0,0,0,0,0,0,0,0,0,0,0
6/16/21,US,312915170,52.7,0,1165956,687757,146456124,782287,44.1,0,0,0,0,0,0,0,0,0,0,0,0
6/15/21,US,311886674,52.6,0,1137572,849028,145768367,760915,43.9,0,0,0,0,0,0,0,0,0,0,0,0
6/14/21,US,310645827,52.5,0,1113416,998117,144919339,738668,43.7,0,0,0,0,0,0,0,0,0,0,0,0
6/13/21,US,309322545,52.4,0,1097710,802145,143921222,707414,43.4,0,0,0,0,0,0,0,0,0,0,0,0
6/12/21,US,308112728,52.2,0,1120571,1023547,143119077,715196,43.1,0,0,0,0,0,0,0,0,0,0,0,0
6/11/21,US,306509795,52,0,1055610,512278,142095530,662880,42.8,0,0,0,0,0,0,0,0,0,0,0,0
6/10/21,US,305687618,51.9,0,1138099,603142,141583252,705519,42.6,0,0,0,0,0,0,0,0,0,0,0,0
6/9/21,US,304753476,51.8,0,1120083,538153,140980110,689265,42.5,0,0,0,0,0,0,0,0,0,0,0,0
6/8/21,US,303923667,51.7,0,1074204,693296,140441957,653504,42.3,0,0,0,0,0,0,0,0,0,0,0,0
6/7/21,US,302851917,51.6,0,994370,779338,139748661,593561,42.1,0,0,0,0,0,0,0,0,0,0,0,0
6/6/21,US,301638578,51.5,0,958533,856621,138969323,554572,41.9,0,0,0,0,0,0,0,0,0,0,0,0
6/5/21,US,300268730,51.3,0,937669,657335,138112702,527707,41.6,0,0,0,0,0,0,0,0,0,0,0,0
6/4/21,US,299120522,51.1,0,1002963,810749,137455367,560403,41.4,0,0,0,0,0,0,0,0,0,0,0,0
6/3/21,US,297720928,50.9,0,999474,489368,136644618,553532,41.2,0,0,0,0,0,0,0,0,0,0,0,0
6/2/21,US,296912892,50.8,0,1100084,287825,136155250,615023,41,0,0,0,0,0,0,0,0,0,0,0,0
6/1/21,US,296404240,50.8,0,1230767,273692,135867425,684116,40.9,0,0,0,0,0,0,0,0,0,0,0,0
5/31/21,US,295891325,50.7,0,1285775,506414,135593733,711133,40.8,0,0,0,0,0,0,0,0,0,0,0,0
5/30/21,US,294928850,50.5,0,1315466,668571,135087319,724734,40.7,0,0,0,0,0,0,0,0,0,0,0,0
5/29/21,US,293705050,50.3,0,1394832,886204,134418748,773183,40.5,0,0,0,0,0,0,0,0,0,0,0,0
5/28/21,US,292099778,50.1,0,1500632,762650,133532544,822042,40.2,0,0,0,0,0,0,0,0,0,0,0,0
5/27/21,US,290724607,49.9,0,1618194,919805,132769894,880675,40,0,0,0,0,0,0,0,0,0,0,0,0
5/26/21,US,289212304,49.7,0,1703162,771481,131850089,913809,39.7,0,0,0,0,0,0,0,0,0,0,0,0
5/25/21,US,287788872,49.5,0,1750524,462811,131078608,946130,39.5,0,0,0,0,0,0,0,0,0,0,0,0
5/24/21,US,286890900,49.4,0,1782714,601622,130615797,969653,39.3,0,0,0,0,0,0,0,0,0,0,0,0
5/23/21,US,285720586,49.2,0,1827882,1007712,130014175,1002064,39.2,0,0,0,0,0,0,0,0,0,0,0,0
5/22/21,US,283941223,48.9,0,1872697,1228213,129006463,1034027,38.9,0,0,0,0,0,0,0,0,0,0,0,0
5/21/21,US,281595351,48.6,0,1879526,1173084,127778250,1074230,38.5,0,0,0,0,0,0,0,0,0,0,0,0
5/20/21,US,279397250,48.2,0,1828681,1151743,126605166,1088265,38.1,0,0,0,0,0,0,0,0,0,0,0,0
5/19/21,US,277290173,47.9,0,1801333,997730,125453423,1115140,37.8,0,0,0,0,0,0,0,0,0,0,0,0
5/18/21,US,275535207,47.7,0,1771807,627469,124455693,1125619,37.5,0,0,0,0,0,0,0,0,0,0,0,0
5/17/21,US,274411901,47.5,0,1830360,828503,123828224,1185349,37.3,0,0,0,0,0,0,0,0,0,0,0,0
5/16/21,US,272925411,47.3,0,1886917,1231453,122999721,1248782,37,0,0,0,0,0,0,0,0,0,0,0,0
5/15/21,US,270832342,47.1,0,1926448,1509631,121768268,1305928,36.7,0,0,0,0,0,0,0,0,0,0,0,0
5/14/21,US,268438666,46.8,0,1951333,1271329,120258637,1340531,36.2,0,0,0,0,0,0,0,0,0,0,0,0
5/13/21,US,266596486,46.6,0,2088962,1339869,118987308,1437240,35.8,0,0,0,0,0,0,0,0,0,0,0,0
5/12/21,US,264680844,46.4,0,2159146,1071080,117647439,1471558,35.4,0,0,0,0,0,0,0,0,0,0,0,0
5/11/21,US,263132561,46.2,0,2194787,1045579,116576359,1486824,35.1,0,0,0,0,0,0,0,0,0,0,0,0
5/10/21,US,261599381,46,0,2117025,1272536,115530780,1429608,34.8,0,0,0,0,0,0,0,0,0,0,0,0
5/9/21,US,259716989,45.8,0,2017931,1631473,114258244,1354798,34.4,0,0,0,0,0,0,0,0,0,0,0,0
5/8/21,US,257347205,45.6,0,1983391,1751851,112626771,1314888,33.9,0,0,0,0,0,0,0,0,0,0,0,0
5/7/21,US,254779333,45.3,0,2088522,1948293,110874920,1352514,33.4,0,0,0,0,0,0,0,0,0,0,0,0
5/6/21,US,251973752,45,0,2087608,1580094,108926627,1322526,32.8,0,0,0,0,0,0,0,0,0,0,0,0
5/5/21,US,249566820,44.7,0,2132487,1177945,107346533,1328873,32.3,0,0,0,0,0,0,0,0,0,0,0,0
5/4/21,US,247769049,44.5,0,2194483,645068,106168588,1345876,32,0,0,0,0,0,0,0,0,0,0,0,0
5/3/21,US,246780203,44.4,0,2287393,748868,105523520,1376490,31.8,0,0,0,0,0,0,0,0,0,0,0,0
5/2/21,US,245591469,44.3,0,2418580,1352097,104774652,1428903,31.6,0,0,0,0,0,0,0,0,0,0,0,0
5/1/21,US,243463471,44,0,2546144,2015237,103422555,1477787,31.2,0,0,0,0,0,0,0,0,0,0,0,0
4/30/21,US,240159677,43.6,0,2548207,1738373,101407318,1461617,30.5,0,0,0,0,0,0,0,0,0,0,0,0
4/29/21,US,237360493,43.3,0,2630407,1624524,99668945,1489024,30,0,0,0,0,0,0,0,0,0,0,0,0
4/28/21,US,234639414,43,0,2669644,1296967,98044421,1493110,29.5,0,0,0,0,0,0,0,0,0,0,0,0
4/27/21,US,232407669,42.7,0,2717062,859366,96747454,1503421,29.1,0,0,0,0,0,0,0,0,0,0,0,0
4/26/21,US,230768454,42.5,0,2741021,1115759,95888088,1503272,28.9,0,0,0,0,0,0,0,0,0,0,0,0
4/25/21,US,228661408,42.2,0,2750656,1694289,94772329,1501274,28.5,0,0,0,0,0,0,0,0,0,0,0,0
4/24/21,US,225640460,41.8,0,2824078,1902045,93078040,1515269,28,0,0,0,0,0,0,0,0,0,0,0,0
4/23/21,US,222322230,41.3,0,2862758,1930219,91175995,1509453,27.5,0,0,0,0,0,0,0,0,0,0,0,0
4/22/21,US,218947643,40.9,0,2947229,1653130,89245776,1535355,26.9,0,0,0,0,0,0,0,0,0,0,0,0
4/21/21,US,215951909,40.5,0,3022868,1369140,87592646,1558770,26.4,0,0,0,0,0,0,0,0,0,0,0,0
4/20/21,US,213388238,40.1,0,3015065,858326,86223506,1557317,26,0,0,0,0,0,0,0,0,0,0,0,0
4/19/21,US,211581309,39.9,0,3127038,1101772,85365180,1614156,25.7,0,0,0,0,0,0,0,0,0,0,0,0
4/18/21,US,209406814,39.5,0,3194240,1792257,84263408,1661788,25.4,0,0,0,0,0,0,0,0,0,0,0,0
4/17/21,US,205871913,39,0,3200601,1861333,82471151,1682643,24.8,0,0,0,0,0,0,0,0,0,0,0,0
4/16/21,US,202282923,38.5,0,3349306,2111528,80609818,1772480,24.3,0,0,0,0,0,0,0,0,0,0,0,0
4/15/21,US,198317040,37.9,0,3348189,1817038,78498290,1756452,23.6,0,0,0,0,0,0,0,0,0,0,0,0
4/14/21,US,194791836,37.3,0,3330740,1358969,76681252,1751233,23.1,0,0,0,0,0,0,0,0,0,0,0,0
4/13/21,US,192282781,36.8,0,3384387,1256198,75322283,1757901,22.7,0,0,0,0,0,0,0,0,0,0,0,0
4/12/21,US,189692045,36.4,0,3214893,1435193,74066085,1667717,22.3,0,0,0,0,0,0,0,0,0,0,0,0
4/11/21,US,187047131,35.9,0,3141912,1938247,72630892,1602050,21.9,0,0,0,0,0,0,0,0,0,0,0,0
4/10/21,US,183467709,35.3,0,3111327,2490187,70692645,1547785,21.3,0,0,0,0,0,0,0,0,0,0,0,0
4/9/21,US,178837781,34.5,0,3033045,1999335,68202458,1459667,20.5,0,0,0,0,0,0,0,0,0,0,0,0
4/8/21,US,174879716,33.7,0,3035473,1780505,66203123,1444787,19.9,0,0,0,0,0,0,0,0,0,0,0,0
4/7/21,US,171476655,33.1,0,3029052,1405642,64422618,1402225,19.4,0,0,0,0,0,0,0,0,0,0,0,0
4/6/21,US,168592075,32.6,0,2998533,624911,63016976,1370498,19,0,0,0,0,0,0,0,0,0,0,0,0
4/5/21,US,167187795,32.4,0,3053566,975529,62392065,1396833,18.8,0,0,0,0,0,0,0,0,0,0,0,0
4/4/21,US,165053746,32,0,3084436,1558390,61416536,1403281,18.5,0,0,0,0,0,0,0,0,0,0,0,0
4/3/21,US,161688422,31.4,0,3072527,1873361,59858146,1388053,18,0,0,0,0,0,0,0,0,0,0,0,0
4/2/21,US,157606463,30.7,0,2988825,1895171,57984785,1327087,17.5,0,0,0,0,0,0,0,0,0,0,0,0
4/1/21,US,153631404,30,0,2903730,1482573,56089614,1238540,16.9,0,0,0,0,0,0,0,0,0,0,0,0
3/31/21,US,150273292,29.4,0,2828491,1183555,54607041,1177360,16.4,0,0,0,0,0,0,0,0,0,0,0,0
3/30/21,US,147602345,28.9,0,2769331,809255,53423486,1127074,16.1,0,0,0,0,0,0,0,0,0,0,0,0
3/29/21,US,145812835,28.6,0,2757586,1020667,52614231,1100469,15.8,0,0,0,0,0,0,0,0,0,0,0,0
3/28/21,US,143462691,28.2,0,2711611,1451795,51593564,1064619,15.5,0,0,0,0,0,0,0,0,0,0,0,0
3/27/21,US,140180735,27.6,0,2677034,1446597,50141769,1014993,15.1,0,0,0,0,0,0,0,0,0,0,0,0
3/26/21,US,136684688,27,0,2624410,1275340,48695172,965791,14.7,0,0,0,0,0,0,0,0,0,0,0,0
3/25/21,US,133305295,26.3,0,2510755,1054317,47419832,919766,14.3,0,0,0,0,0,0,0,0,0,0,0,0
3/24/21,US,130473853,25.7,0,2490889,831553,46365515,910902,14,0,0,0,0,0,0,0,0,0,0,0,0
3/23/21,US,128217029,25.3,0,2497025,623016,45533962,927373,13.7,0,0,0,0,0,0,0,0,0,0,0,0
3/22/21,US,126509736,24.9,0,2489697,769718,44910946,939359,13.5,0,0,0,0,0,0,0,0,0,0,0,0
3/21/21,US,124481412,24.5,0,2488734,1104410,44141228,954565,13.3,0,0,0,0,0,0,0,0,0,0,0,0
3/20/21,US,121441497,23.9,0,2439857,1102189,43036818,950940,13,0,0,0,0,0,0,0,0,0,0,0,0
3/19/21,US,118313818,23.3,0,2455116,953165,41934629,990638,12.6,0,0,0,0,0,0,0,0,0,0,0,0
3/18/21,US,115730008,22.7,0,2503731,992268,40981464,1016905,12.3,0,0,0,0,0,0,0,0,0,0,0,0
3/17/21,US,113037627,22.2,0,2473762,946851,39989196,1012147,12,0,0,0,0,0,0,0,0,0,0,0,0
3/16/21,US,110737856,21.7,0,2435037,706913,39042345,991469,11.8,0,0,0,0,0,0,0,0,0,0,0,0
3/15/21,US,109081860,21.4,0,2427430,876163,38335432,977484,11.5,0,0,0,0,0,0,0,0,0,0,0,0
3/14/21,US,107060274,21,0,2386932,1079036,37459269,952724,11.3,0,0,0,0,0,0,0,0,0,0,0,0
3/13/21,US,104362495,20.5,0,2350025,1380074,36380233,937618,11.1,0,0,0,0,0,0,0,0,0,0,0,0
3/12/21,US,101128005,19.9,0,2302844,1137032,35000159,898675,10.5,0,0,0,0,0,0,0,0,0,0,0,0
3/11/21,US,98203893,19.3,0,2233006,958966,33863127,4837589,10.2,0,0,0,0,0,0,0,0,0,0,0,0
3/10/21,US,95721290,18.8,0,2168688,802100,32904161,4700594,9.9,0,0,0,0,0,0,0,0,0,0,0,0
3/9/21,US,93692598,18.4,0,2151571,609021,32102061,4586008,9.7,0,0,0,0,0,0,0,0,0,0,0,0
3/8/21,US,92089852,18.1,0,2169981,702839,31493040,4499005,9.5,0,0,0,0,0,0,0,0,0,0,0,0
3/7/21,US,90351750,17.7,0,2159392,973294,30790201,4398600,9.3,0,0,0,0,0,0,0,0,0,0,0,0
3/6/21,US,87912323,17.3,0,2158020,1107479,29816907,4259558,9,0,0,0,0,0,0,0,0,0,0,0,0
3/5/21,US,85008094,16.7,0,2079147,28709428,28709428,4101346,8.6,0,0,0,0,0,0,0,0,0,0,0,0
3/4/21,US,82572848,16.3,0,2042676,0,0,0,0,0,0,0,0,0,0,0,0,0,0,0,0
3/3/21,US,80540474,15.9,0,2010790,0,0,0,0,0,0,0,0,0,0,0,0,0,0,0,0
3/2/21,US,78631601,15.6,0,1942788,0,0,0,0,0,0,0,0,0,0,0,0,0,0,0,0
3/1/21,US,76899987,15.3,0,1817502,0,0,0,0,0,0,0,0,0,0,0,0,0,0,0,0
2/28/21,US,75236003,15,0,1735053,0,0,0,0,0,0,0,0,0,0,0,0,0,0,0,0
2/27/21,US,72806180,14.6,0,1645240,0,0,0,0,0,0,0,0,0,0,0,0,0,0,0,0
2/26/21,US,70454064,14.2,0,1552717,0,0,0,0,0,0,0,0,0,0,0,0,0,0,0,0
2/25/21,US,68274117,13.9,0,1505193,0,0,0,0,0,0,0,0,0,0,0,0,0,0,0,0
2/24/21,US,66464947,13.6,0,1454731,0,0,0,0,0,0,0,0,0,0,0,0,0,0,0,0
2/23/21,US,65032083,13.4,0,1401674,0,0,0,0,0,0,0,0,0,0,0,0,0,0,0,0
2/22/21,US,64177474,13.3,0,1416701,0,0,0,0,0,0,0,0,0,0,0,0,0,0,0,0
2/21/21,US,63090634,13.1,0,1458040,0,0,0,0,0,0,0,0,0,0,0,0,0,0,0,0
2/20/21,US,61289500,12.9,0,1521088,0,0,0,0,0,0,0,0,0,0,0,0,0,0,0,0
2/19/21,US,59585043,12.6,0,1596355,0,0,0,0,0,0,0,0,0,0,0,0,0,0,0,0
2/18/21,US,57737767,10.8,0,1621071,0,0,0,0,0,0,0,0,0,0,0,0,0,0,0,0
2/17/21,US,56281827,10.6,0,1644551,0,0,0,0,0,0,0,0,0,0,0,0,0,0,0,0
2/16/21,US,55220364,10.4,0,1716311,0,0,0,0,0,0,0,0,0,0,0,0,0,0,0,0
2/15/21,US,54260570,10.2,0,1691850,0,0,0,0,0,0,0,0,0,0,0,0,0,0,0,0
2/14/21,US,52884356,10,0,1667631,0,0,0,0,0,0,0,0,0,0,0,0,0,0,0,0
2/13/21,US,50641884,9.7,0,1657703,0,0,0,0,0,0,0,0,0,0,0,0,0,0,0,0
2/12/21,US,48410558,9.4,0,1655907,0,0,0,0,0,0,0,0,0,0,0,0,0,0,0,0
2/11/21,US,46390270,9.1,0,1598080,0,0,0,0,0,0,0,0,0,0,0,0,0,0,0,0
2/10/21,US,44769970,10.2,0,1555959,0,0,0,0,0,0,0,0,0,0,0,0,0,0,0,0
2/9/21,US,43206190,9.9,0,1489333,0,0,0,0,0,0,0,0,0,0,0,0,0,0,0,0
2/8/21,US,42417617,9.7,0,1456459,0,0,0,0,0,0,0,0,0,0,0,0,0,0,0,0
2/7/21,US,41210937,9.5,0,1441091,0,0,0,0,0,0,0,0,0,0,0,0,0,0,0,0
2/6/21,US,39037964,9.1,0,1351437,0,0,0,0,0,0,0,0,0,0,0,0,0,0,0,0
2/5/21,US,36819212,8.7,0,1276364,0,0,0,0,0,0,0,0,0,0,0,0,0,0,0,0
2/4/21,US,35203710,8.4,0,1287147,0,0,0,0,0,0,0,0,0,0,0,0,0,0,0,0
2/3/21,US,33878254,8.2,0,1317946,0,0,0,0,0,0,0,0,0,0,0,0,0,0,0,0
2/2/21,US,32780860,8,0,1319981,0,0,0,0,0,0,0,0,0,0,0,0,0,0,0,0
2/1/21,US,32222402,7.84,0,1355451,0,0,0,0,0,0,0,0,0,0,0,0,0,0,0,0
1/31/21,US,31123299,0,0,1324949,0,0,0,0,0,0,0,0,0,0,0,0,0,0,0,0
1/30/21,US,29577902,0,0,1291416,0,0,0,0,0,0,0,0,0,0,0,0,0,0,0,0
1/29/21,US,27884661,0,0,1253815,0,0,0,0,0,0,0,0,0,0,0,0,0,0,0,0
1/28/21,US,26193682,0,0,1235330,0,0,0,0,0,0,0,0,0,0,0,0,0,0,0,0
1/27/21,US,24652634,0,0,1161050,0,0,0,0,0,0,0,0,0,0,0,0,0,0,0,0
1/26/21,US,23540994,0,0,1065290,0,0,0,0,0,0,0,0,0,0,0,0,0,0,0,0
1/25/21,US,22734243,0,0,1038776,0,0,0,0,0,0,0,0,0,0,0,0,0,0,0,0
1/24/21,US,21848655,0,0,990557,0,0,0,0,0,0,0,0,0,0,0,0,0,0,0,0
1/23/21,US,20537990,0,0,925620,0,0,0,0,0,0,0,0,0,0,0,0,0,0,0,0
1/22/21,US,19107959,0,0,884336,0,0,0,0,0,0,0,0,0,0,0,0,0,0,0,0
1/21/21,US,17546374,0,0,797857,0,0,0,0,0,0,0,0,0,0,0,0,0,0,0,0
1/20/21,US,16525281,0,0,808253,0,0,0,0,0,0,0,0,0,0,0,0,0,0,0,0
1/19/21,US,16083963,4.18,0,886277,0,0,0,0,0,0,0,0,0,0,0,0,0,0,0,0
1/18/21,US,15462809,4.03,0,871378,0,0,0,0,0,0,0,0,0,0,0,0,0,0,0,0
1/17/21,US,14914759,3.88,0,853005,0,0,0,0,0,0,0,0,0,0,0,0,0,0,0,0
1/16/21,US,14058650,3.65,0,834574,0,0,0,0,0,0,0,0,0,0,0,0,0,0,0,0
1/15/21,US,12917607,3.35,0,784495,0,0,0,0,0,0,0,0,0,0,0,0,0,0,0,0
1/14/21,US,11961374,3.12,0,772242,0,0,0,0,0,0,0,0,0,0,0,0,0,0,0,0
1/13/21,US,10867507,2.87,0,720361,0,0,0,0,0,0,0,0,0,0,0,0,0,0,0,0
1/12/21,US,9880022,2.66,0,665014,0,0,0,0,0,0,0,0,0,0,0,0,0,0,0,0
1/11/21,US,9363164,2.54,0,639336,0,0,0,0,0,0,0,0,0,0,0,0,0,0,0,0
1/10/21,US,8943724,2.47,0,613626,0,0,0,0,0,0,0,0,0,0,0,0,0,0,0,0
1/9/21,US,8216629,2.31,0,536224,0,0,0,0,0,0,0,0,0,0,0,0,0,0,0,0
1/8/21,US,7426145,2.12,0,464784,0,0,0,0,0,0,0,0,0,0,0,0,0,0,0,0
1/7/21,US,6555680,1.91,0,402507,0,0,0,0,0,0,0,0,0,0,0,0,0,0,0,0
1/6/21,US,5824980,1.72,0,380018,0,0,0,0,0,0,0,0,0,0,0,0,0,0,0,0
1/5/21,US,5224925,1.56,0,357375,0,0,0,0,0,0,0,0,0,0,0,0,0,0,0,0
1/4/21,US,4887811,1.46,0,354169,0,0,0,0,0,0,0,0,0,0,0,0,0,0,0,0
1/3/21,US,4648339,1.39,0,342276,0,0,0,0,0,0,0,0,0,0,0,0,0,0,0,0
1/2/21,US,4463060,1.33,0,324664,0,0,0,0,0,0,0,0,0,0,0,0,0,0,0,0
1/1/21,US,4172658,1.25,0,305532,0,0,0,0,0,0,0,0,0,0,0,0,0,0,0,0
12/31/20,US,3738130,1.12,0,291477,0,0,0,0,0,0,0,0,0,0,0,0,0,0,0,0
12/30/20,US,3164852,0.95,0,257928,0,0,0,0,0,0,0,0,0,0,0,0,0,0,0,0
12/29/20,US,2723303,0.82,0,247446,0,0,0,0,0,0,0,0,0,0,0,0,0,0,0,0
12/28/20,US,2408626,0.72,0,229595,0,0,0,0,0,0,0,0,0,0,0,0,0,0,0,0
12/27/20,US,2252406,0.67,0,228700,0,0,0,0,0,0,0,0,0,0,0,0,0,0,0,0
12/26/20,US,2190414,0.66,0,249823,0,0,0,0,0,0,0,0,0,0,0,0,0,0,0,0
12/25/20,US,2033936,0.61,0,254256,0,0,0,0,0,0,0,0,0,0,0,0,0,0,0,0
12/24/20,US,1697791,0.51,0,224350,0,0,0,0,0,0,0,0,0,0,0,0,0,0,0,0
12/23/20,US,1359355,0.41,0,186817,0,0,0,0,0,0,0,0,0,0,0,0,0,0,0,0
12/22/20,US,991182,0.3,0,139792,0,0,0,0,0,0,0,0,0,0,0,0,0,0,0,0
12/21/20,US,801460,0.24,0,114422,0,0,0,0,0,0,0,0,0,0,0,0,0,0,0,0
12/20/20,US,651503,0.2,0,93072,0,0,0,0,0,0,0,0,0,0,0,0,0,0,0,0
12/19/20,US,441650,0.13,0,63093,0,0,0,0,0,0,0,0,0,0,0,0,0,0,0,0
12/18/20,US,254142,0.08,0,42357,0,0,0,0,0,0,0,0,0,0,0,0,0,0,0,0
12/17/20,US,127342,0.04,0,25468,0,0,0,0,0,0,0,0,0,0,0,0,0,0,0,0
12/16/20,US,51634,0.02,0,12909,0,0,0,0,0,0,0,0,0,0,0,0,0,0,0,0
12/15/20,US,12638,0,0,4213,0,0,0,0,0,0,0,0,0,0,0,0,0,0,0,0
12/14/20,US,509,0,0,255,0,0,0,0,0,0,0,0,0,0,0,0,0,0,0,0
12/13/20,US,0,0,0,0,0,0,0,0,0,0,0,0,0,0,0,0,0,0,0,0